sample,obs,coint_stat,p_value
1999-2021,275,-3.0217004417166935,0.10513699062215554
2022-latest,50,-1.9464844131694743,0.5562591061285398
Full monthly sample,325,-2.6277387931302494,0.22663649142137376
