variable,coef,std_err,p_value
const,-5.1514096717710645e-05,8.152613112017631e-05,0.5274703832007506
r_brent,0.014073412378617072,0.005088848074516831,0.005682865300129228
r_brent_l1,0.0030663236580301253,0.0031397417724656914,0.32875904144573476
r_eurusd_l1,0.0209594668512629,0.01684867004912054,0.2135056506798555
