variable,coef,std_err,p_value
const,-0.0001661604482620611,0.0012580057274612262,0.8949190962291924
d_brent,0.03632926095118336,0.014912387579775059,0.01484329463451611
d_brent_l1,0.0038898938051235895,0.012662399184126883,0.7586908584672571
d_eurusd_l1,0.2858922910559837,0.055008759991905604,2.0229756252909045e-07
ecm_l1,-0.02999755432720317,0.01663536652959305,0.07135056888723927
