lag,oil_to_fx_p,fx_to_oil_p
1,0.46182380994216515,0.25907344769829627
2,0.6118091019485362,0.21268844745638235
3,0.6560205283372419,0.26184095409096914
