variable,coef,std_err,p_value
const,-0.610735440762125,0.03927894076281999,1.7693232750080925e-39
log Brent,0.1960508453642238,0.009743793339737366,7.617911141495804e-56
