series,mean,std,min,max,obs
EUR/USD daily log return,2.0022688859540864e-05,0.005819072694646159,-0.030031007712161883,0.04620792200427126,6468
Brent daily log return,0.00017502313761435555,0.026311421085281766,-0.6436989051459641,0.41202250865432344,6468
